corpus,sentence_id,n_switches,mean_span_len,median_span_len,sentence_len,register,topic
Paraguay,1,8,3.75,3.0,18,Formal,Education_Policy_University
Paraguay,2,8,2.0,2.0,12,Informal,Corruption_Donations_Procurement
Paraguay,3,20,2.0,1.5,28,Formal,Indigenous_CommunityAid
Paraguay,4,2,4.0,4.0,6,Formal,Cultural_Event_Festival
Paraguay,5,8,2.0,2.0,10,Formal,Legislation_Policy
Paraguay,7,12,2.0,1.0,20,Informal,UserMention_Request_Response
Paraguay,9,4,6.0,6.0,16,Informal,Health_COVID
Paraguay,10,24,1.6666666666666667,1.0,26,Formal,Sports_Event
Paraguay,11,14,3.0,2.0,27,Formal,Media_Broadcast_Notice
Paraguay,15,8,2.25,2.0,19,Formal,Cultural_Event_Festival
Paraguay,17,12,2.1666666666666665,1.0,16,Formal,Cultural_Event_Festival
Paraguay,18,4,1.5,1.5,6,Informal,Humor_Rant
Paraguay,19,12,1.6666666666666667,1.0,16,Formal,Commercial_Product
Paraguay,20,4,1.5,1.5,6,Formal,Mobilization_Call
Paraguay,21,28,1.8571428571428572,1.5,32,Formal,Sports_Event
Paraguay,22,4,1.0,1.0,13,Informal,UserMention_Request_Response
Paraguay,23,44,1.5909090909090908,1.0,42,Formal,Education_Policy_University
Paraguay,24,18,2.111111111111111,1.0,26,Formal,Transport_PublicSafety
Paraguay,25,8,4.25,4.5,26,Informal,Health_COVID
Paraguay,26,16,1.875,1.0,21,Informal,UserMention_Request_Response
Paraguay,27,18,2.2222222222222223,2.0,27,Formal,Government_Announcement
Paraguay,28,4,7.5,7.5,17,Informal,UserMention_Request_Response
Paraguay,29,14,2.7142857142857144,1.0,22,Informal,Humor_Rant
Paraguay,30,18,1.4444444444444444,1.0,19,Informal,Humor_Rant
Paraguay,31,6,1.3333333333333333,1.0,8,Formal,Infrastructure_Contract
Paraguay,33,8,1.75,2.0,8,Informal,Humor_Rant
Paraguay,34,12,1.8333333333333333,2.0,19,Formal,Crime_Investigation
Paraguay,35,14,1.2857142857142858,1.0,18,Formal,Government_Announcement
Paraguay,36,6,1.6666666666666667,2.0,10,Informal,Cultural_Event_Festival
Paraguay,37,4,6.0,6.0,20,Informal,Education_Policy_University
Paraguay,38,4,2.5,2.5,22,Informal,Humor_Rant
Paraguay,40,28,1.9285714285714286,1.0,37,Formal,Corruption_Donations_Procurement
Paraguay,41,8,1.25,1.0,9,Formal,Opinion_Commentary
Paraguay,43,18,2.3333333333333335,2.0,25,Formal,Legislation_Policy
Paraguay,44,12,2.0,1.5,16,Informal,UserMention_Request_Response
Paraguay,45,8,3.75,1.0,24,Informal,Shopping_PersonalPurchase
Paraguay,46,6,2.3333333333333335,1.0,14,Formal,Infrastructure_Contract
Paraguay,47,8,3.0,2.5,19,Formal,Cultural_Event_Festival
Paraguay,50,18,1.8888888888888888,1.0,25,Formal,Legal_Judicial
Paraguay,51,14,2.857142857142857,2.0,25,Formal,Government_Announcement
Paraguay,55,8,2.5,1.5,19,Informal,Personal_Emotional
Paraguay,56,12,1.8333333333333333,1.5,16,Formal,Legal_Judicial
Paraguay,57,2,1.0,1.0,10,Formal,Commercial_Product
Paraguay,59,8,2.0,2.0,31,Informal,Personal_Emotional
Paraguay,60,6,4.0,3.0,23,Informal,Health_COVID
Paraguay,61,24,1.1666666666666667,1.0,24,Formal,Opinion_Commentary
Paraguay,62,2,2.0,2.0,5,Informal,UserMention_Request_Response
Paraguay,64,6,3.0,2.0,13,Formal,Legislation_Policy
Paraguay,65,10,1.8,1.0,12,Formal,PublicAdministration_Changes
Paraguay,66,4,6.0,6.0,14,Informal,UserMention_Request_Response
Paraguay,67,10,2.2,2.0,17,Formal,Corruption_Donations_Procurement
Paraguay,68,4,5.0,5.0,18,Informal,Shopping_PersonalPurchase
Paraguay,69,6,2.0,2.0,9,Formal,PublicAdministration_Changes
Paraguay,71,4,2.5,2.5,8,Formal,Government_Announcement
Paraguay,74,10,2.0,2.0,13,Informal,Humor_Rant
Paraguay,75,6,3.6666666666666665,3.0,19,Informal,Personal_Emotional
Paraguay,76,10,1.6,1.0,9,Informal,Sports_Event
Paraguay,77,6,4.333333333333333,4.0,18,Informal,Humor_Rant
Paraguay,79,10,2.0,2.0,20,Informal,Sports_Event
Paraguay,80,4,1.0,1.0,3,Informal,Cultural_Event_Festival
Paraguay,81,20,1.6,1.0,23,Formal,Education_Policy_University
Paraguay,82,42,1.7142857142857142,2.0,46,Formal,Legal_Judicial
Paraguay,84,2,3.0,3.0,7,Formal,Media_Broadcast_Notice
Paraguay,86,6,2.0,1.0,7,Informal,UserMention_Request_Response
Paraguay,87,6,2.0,1.0,10,Formal,Opinion_Commentary
Paraguay,88,2,1.0,1.0,6,Informal,Personal_Emotional
Paraguay,90,6,3.3333333333333335,2.0,13,Informal,Personal_Emotional
Paraguay,91,10,2.0,1.0,14,Formal,PublicAdministration_Changes
Paraguay,92,10,1.8,1.0,10,Formal,Legislation_Policy
Paraguay,93,6,1.6666666666666667,2.0,11,Formal,Cultural_Event_Festival
Paraguay,94,8,1.5,1.0,10,Informal,UserMention_Request_Response
Paraguay,95,10,1.2,1.0,8,Formal,Corruption_Donations_Procurement
Paraguay,97,22,2.727272727272727,2.0,42,Formal,Protest_Report
Paraguay,98,6,2.3333333333333335,3.0,19,Informal,Personal_Emotional
Paraguay,102,24,2.0833333333333335,2.0,36,Formal,Opinion_Commentary
Paraguay,106,16,1.625,1.0,16,Formal,Corruption_Donations_Procurement
Paraguay,107,12,2.5,1.5,24,Informal,UserMention_Request_Response
Paraguay,108,12,1.0,1.0,9,Informal,UserMention_Request_Response
Paraguay,109,14,2.0,2.0,20,Formal,Cultural_Event_Festival
Paraguay,110,6,2.0,1.0,7,Informal,UserMention_Request_Response
Paraguay,111,8,1.0,1.0,8,Formal,Government_Announcement
Paraguay,112,12,1.0,1.0,8,Informal,Personal_Emotional
Paraguay,114,8,4.25,1.0,23,Informal,Opinion_Commentary
Paraguay,116,6,1.6666666666666667,2.0,6,Informal,UserMention_Request_Response
Paraguay,117,2,6.0,6.0,17,Informal,UserMention_Request_Response
Paraguay,118,6,2.3333333333333335,2.0,12,Informal,Personal_Emotional
Paraguay,120,6,1.6666666666666667,2.0,6,Informal,UserMention_Request_Response
Paraguay,121,6,2.6666666666666665,3.0,11,Informal,UserMention_Request_Response
Paraguay,122,4,2.0,2.0,7,Informal,Humor_Rant
Paraguay,126,32,1.4375,1.0,30,Formal,Legislation_Policy
Paraguay,127,20,2.2,2.0,27,Formal,Corruption_Donations_Procurement
Paraguay,129,8,3.0,1.5,28,Formal,Cultural_Event_Festival
Paraguay,130,6,3.6666666666666665,4.0,19,Formal,Media_Broadcast_Notice
Paraguay,131,8,2.5,2.5,14,Formal,Other
Paraguay,132,8,2.5,1.5,13,Informal,Humor_Rant
Paraguay,133,4,2.0,2.0,8,Informal,UserMention_Request_Response
Paraguay,137,16,2.375,1.5,23,Informal,Humor_Rant
Paraguay,139,20,1.7,1.5,24,Formal,Mobilization_Call
Paraguay,140,18,1.6666666666666667,2.0,21,Formal,Legislation_Policy
Paraguay,143,6,6.0,2.0,23,Informal,UserMention_Request_Response
Paraguay,147,14,4.285714285714286,2.0,41,Formal,Legislation_Policy
Paraguay,149,12,3.0,2.5,24,Formal,Environment_NationalParks
Paraguay,150,16,1.875,2.0,19,Formal,Protest_Report
Paraguay,152,6,2.3333333333333335,2.0,8,Informal,Corruption_Donations_Procurement
Paraguay,153,12,2.0,1.5,17,Formal,Media_Broadcast_Notice
Paraguay,154,12,2.0,1.5,14,Formal,Corruption_Donations_Procurement
Paraguay,155,20,1.9,1.0,25,Formal,Government_Announcement
Paraguay,156,6,3.0,2.0,15,Formal,Cultural_Event_Festival
Paraguay,158,28,1.6428571428571428,1.0,31,Formal,Government_Announcement
Paraguay,159,4,1.5,1.5,6,Informal,UserMention_Request_Response
Paraguay,160,8,3.0,3.0,16,Informal,UserMention_Request_Response
Paraguay,161,22,1.2727272727272727,1.0,16,Formal,Commercial_Product
Paraguay,162,12,1.5,1.0,13,Formal,Infrastructure_Contract
Paraguay,163,32,1.8125,2.0,36,Formal,Legislation_Policy
Paraguay,164,6,3.3333333333333335,3.0,12,Informal,Humor_Rant
Paraguay,165,18,1.4444444444444444,1.0,17,Formal,Government_Announcement
Paraguay,167,4,2.5,2.5,13,Informal,Opinion_Commentary
Paraguay,168,4,1.5,1.5,10,Informal,Opinion_Commentary
Paraguay,169,12,1.8333333333333333,1.0,18,Formal,Government_Announcement
Paraguay,172,20,2.8,3.0,37,Formal,Government_Announcement
Paraguay,173,10,2.0,1.0,16,Formal,Opinion_Commentary
Paraguay,174,30,1.8666666666666667,2.0,39,Formal,Education_Policy_University
Paraguay,175,14,1.2857142857142858,1.0,16,Informal,Humor_Rant
Paraguay,177,16,2.625,2.5,27,Formal,Commercial_Product
Paraguay,178,6,8.0,4.0,27,Informal,Personal_Emotional
Paraguay,179,14,2.142857142857143,2.0,21,Informal,Opinion_Commentary
Paraguay,180,2,7.0,7.0,14,Informal,Personal_Emotional
Paraguay,181,4,2.5,2.5,8,Informal,UserMention_Request_Response
Paraguay,182,6,2.0,1.0,12,Formal,Legislation_Policy
Paraguay,184,4,5.0,5.0,22,Informal,Personal_Emotional
Paraguay,187,18,1.8888888888888888,1.0,21,Informal,Humor_Rant
Paraguay,188,10,1.8,2.0,17,Formal,PublicAdministration_Changes
Paraguay,189,6,1.6666666666666667,1.0,9,Formal,Government_Announcement
Paraguay,190,30,2.0,1.0,42,Formal,Opinion_Commentary
Paraguay,191,12,3.0,2.5,25,Formal,Government_Announcement
Paraguay,192,6,1.6666666666666667,1.0,8,Informal,Sports_Event
Paraguay,193,16,2.5,1.5,25,Formal,Government_Announcement
Paraguay,194,8,3.5,2.0,28,Informal,UserMention_Request_Response
Paraguay,195,8,2.75,2.0,19,Informal,Humor_Rant
Paraguay,196,14,2.0,1.0,20,Formal,Sports_Event
Paraguay,197,14,2.2857142857142856,2.0,23,Formal,Transport_PublicSafety
Paraguay,198,2,3.0,3.0,10,Informal,UserMention_Request_Response
Paraguay,200,6,3.0,1.0,14,Informal,Humor_Rant
Paraguay,201,4,2.5,2.5,6,Formal,Cultural_Event_Festival
Paraguay,204,8,2.0,1.5,11,Informal,Humor_Rant
Paraguay,205,24,1.6666666666666667,1.5,30,Formal,PublicAdministration_Changes
Paraguay,206,6,1.0,1.0,10,Informal,UserMention_Request_Response
Paraguay,207,2,5.0,5.0,8,Formal,PublicAdministration_Changes
Paraguay,208,30,2.2666666666666666,2.0,42,Formal,Corruption_Donations_Procurement
Paraguay,210,22,2.5454545454545454,2.0,34,Formal,Cultural_Event_Festival
Paraguay,211,10,2.2,2.0,17,Formal,Protest_Report
Paraguay,212,16,3.125,2.5,33,Formal,Crime_Investigation
Paraguay,214,14,1.7142857142857142,1.0,19,Formal,PublicAdministration_Changes
Paraguay,215,6,2.3333333333333335,1.0,11,Formal,Agriculture_Reactivation
Paraguay,216,14,1.5714285714285714,1.0,27,Informal,Humor_Rant
Paraguay,217,2,9.0,9.0,19,Formal,Education_Policy_University
Paraguay,218,6,3.3333333333333335,2.0,16,Informal,Humor_Rant
Paraguay,219,14,1.8571428571428572,2.0,21,Formal,Transport_PublicSafety
Paraguay,221,6,1.3333333333333333,1.0,8,Informal,Humor_Rant
Paraguay,222,18,2.2222222222222223,2.0,26,Formal,Protest_Report
Paraguay,223,4,4.0,4.0,10,Formal,Indigenous_CommunityAid
Paraguay,225,20,1.5,1.0,20,Formal,Legislation_Policy
Paraguay,226,18,1.7777777777777777,1.0,22,Informal,Humor_Rant
Paraguay,229,6,2.6666666666666665,1.0,9,Informal,Humor_Rant
Paraguay,230,32,1.875,2.0,34,Formal,Education_Policy_University
Paraguay,231,4,3.0,3.0,16,Informal,Opinion_Commentary
Paraguay,232,4,1.5,1.5,5,Informal,UserMention_Request_Response
Paraguay,233,2,5.0,5.0,9,Informal,UserMention_Request_Response
Paraguay,234,4,3.0,3.0,9,Informal,UserMention_Request_Response
Paraguay,235,12,2.3333333333333335,2.0,22,Formal,Infrastructure_Contract
Paraguay,236,10,1.6,1.0,14,Formal,Transport_PublicSafety
Paraguay,237,34,2.0,1.0,46,Formal,Government_Announcement
Paraguay,238,4,4.5,4.5,19,Informal,UserMention_Request_Response
Paraguay,239,10,1.4,1.0,13,Informal,Opinion_Commentary
Paraguay,241,6,1.3333333333333333,1.0,6,Formal,PublicHealth_Services
Paraguay,242,16,1.5,1.5,18,Informal,UserMention_Request_Response
Paraguay,244,8,3.75,3.5,19,Informal,UserMention_Request_Response
Paraguay,245,4,1.5,1.5,9,Informal,UserMention_Request_Response
Paraguay,247,18,1.8888888888888888,1.0,20,Formal,Indigenous_CommunityAid
Paraguay,248,6,2.6666666666666665,2.0,10,Informal,Personal_Emotional
Paraguay,249,10,1.6,1.0,25,Informal,Opinion_Commentary
Paraguay,250,12,3.0,1.0,23,Informal,Opinion_Commentary
Paraguay,251,8,3.5,1.5,17,Informal,Personal_Emotional
Paraguay,252,28,1.5,1.0,28,Formal,Infrastructure_Contract
Paraguay,254,4,3.0,3.0,19,Informal,UserMention_Request_Response
Paraguay,255,12,2.6666666666666665,2.0,21,Formal,Government_Announcement
Paraguay,256,6,1.3333333333333333,1.0,7,Informal,UserMention_Request_Response
Paraguay,257,2,5.0,5.0,9,Formal,Infrastructure_Contract
Paraguay,259,12,2.5,2.0,19,Formal,Corruption_Donations_Procurement
Paraguay,260,4,3.0,3.0,7,Informal,Opinion_Commentary
Paraguay,261,10,1.8,2.0,15,Formal,Protest_Report
Paraguay,263,18,2.3333333333333335,1.0,30,Formal,Cultural_Event_Festival
Paraguay,264,12,2.0,2.0,19,Formal,Environment_NationalParks
Paraguay,265,16,2.875,2.5,32,Formal,Cultural_Event_Festival
Paraguay,266,4,10.0,10.0,28,Informal,Personal_Emotional
Paraguay,267,12,1.3333333333333333,1.0,13,Formal,Opinion_Commentary
Paraguay,268,8,3.0,2.5,15,Formal,Cultural_Event_Festival
Paraguay,269,2,4.0,4.0,24,Informal,Opinion_Commentary
Paraguay,270,20,1.6,1.5,22,Formal,Legislation_Policy
Paraguay,272,20,2.9,2.5,38,Formal,Government_Announcement
Paraguay,273,8,2.25,1.0,13,Informal,Opinion_Commentary
Paraguay,274,2,1.0,1.0,7,Informal,UserMention_Request_Response
Paraguay,275,4,2.5,2.5,7,Informal,UserMention_Request_Response
Paraguay,276,28,2.4285714285714284,1.0,46,Formal,Agriculture_Reactivation
Paraguay,277,4,2.5,2.5,7,Formal,Commercial_Product
Paraguay,278,8,1.0,1.0,8,Formal,Education_Policy_University
Paraguay,279,8,3.0,1.5,18,Informal,Opinion_Commentary
Paraguay,280,28,1.9285714285714286,2.0,34,Formal,Government_Announcement
Paraguay,281,8,3.0,3.0,16,Informal,UserMention_Request_Response
Paraguay,284,10,1.8,2.0,15,Formal,Government_Announcement
Paraguay,286,2,1.0,1.0,4,Informal,Personal_Emotional
Paraguay,287,22,1.9090909090909092,2.0,26,Formal,PublicAdministration_Changes
Paraguay,289,4,1.0,1.0,8,Informal,Humor_Rant
Paraguay,290,4,2.5,2.5,12,Informal,Humor_Rant
Paraguay,291,4,2.0,2.0,6,Informal,Personal_Emotional
Paraguay,292,10,2.6,2.0,20,Informal,Opinion_Commentary
Paraguay,294,6,1.0,1.0,6,Informal,UserMention_Request_Response
Paraguay,298,16,2.0,1.0,21,Informal,UserMention_Request_Response
Paraguay,300,24,1.5,1.0,30,Formal,Education_Policy_University
Paraguay,301,10,1.8,1.0,13,Formal,Media_Broadcast_Notice
Paraguay,302,4,3.0,3.0,12,Informal,Personal_Emotional
Paraguay,303,32,1.9375,2.0,45,Formal,Protest_Report
Paraguay,306,22,1.3636363636363635,1.0,21,Informal,Protest_Report
Paraguay,309,6,1.6666666666666667,1.0,9,Informal,Sports_Event
Paraguay,311,2,2.0,2.0,4,Informal,Personal_Emotional
Paraguay,313,4,1.5,1.5,6,Informal,Humor_Rant
Paraguay,315,6,1.6666666666666667,2.0,11,Informal,Entertainment_Music_Film
Paraguay,317,8,1.75,1.5,14,Formal,PublicAdministration_Changes
Paraguay,318,18,1.7777777777777777,1.0,23,Formal,Cultural_Event_Festival
Paraguay,319,28,1.7857142857142858,1.5,36,Formal,Government_Announcement
Paraguay,322,10,2.4,2.0,20,Informal,Sports_Event
Paraguay,324,6,4.333333333333333,4.0,23,Formal,Infrastructure_Contract
Paraguay,325,34,1.8235294117647058,1.0,42,Formal,Opinion_Commentary
Paraguay,326,14,3.0,2.0,26,Formal,Legislation_Policy
Paraguay,327,24,1.75,1.0,26,Formal,Opinion_Commentary
Paraguay,329,14,1.7142857142857142,1.0,18,Formal,Environment_NationalParks
Paraguay,330,8,1.0,1.0,9,Formal,Opinion_Commentary
Paraguay,334,24,1.75,1.0,27,Formal,Infrastructure_Contract
Paraguay,335,12,1.8333333333333333,1.5,15,Informal,Sports_Event
Paraguay,336,6,1.3333333333333333,1.0,8,Informal,Personal_Emotional
Paraguay,338,12,1.3333333333333333,1.0,10,Informal,Personal_Emotional
Paraguay,339,4,1.5,1.5,11,Informal,UserMention_Request_Response
Paraguay,340,6,3.3333333333333335,2.0,16,Informal,Media_Broadcast_Notice
Paraguay,341,10,2.4,2.0,23,Informal,Personal_Emotional
Paraguay,342,6,1.3333333333333333,1.0,7,Informal,Personal_Emotional
Paraguay,343,16,2.0,1.0,28,Informal,Humor_Rant
Paraguay,344,10,1.8,2.0,13,Formal,Commercial_Product
Paraguay,346,22,2.0,1.0,30,Formal,PublicHealth_Services
Paraguay,348,8,4.0,2.0,18,Informal,Sports_Event
Paraguay,349,10,4.4,5.0,25,Informal,UserMention_Request_Response
Paraguay,350,20,2.1,2.0,27,Formal,Commercial_Product
Paraguay,351,4,1.0,1.0,5,Informal,Other
Paraguay,352,24,2.25,1.5,39,Formal,Education_Policy_University
Paraguay,354,28,1.5,1.0,27,Formal,Cultural_Event_Festival
Paraguay,356,12,1.3333333333333333,1.0,12,Formal,Legislation_Policy
Paraguay,357,12,2.0,1.5,21,Informal,Sports_Event
Paraguay,358,12,1.3333333333333333,1.0,13,Formal,Indigenous_CommunityAid
Paraguay,359,22,2.727272727272727,1.0,36,Formal,PublicAdministration_Changes
Paraguay,361,12,1.3333333333333333,1.0,16,Formal,Legislation_Policy
Paraguay,364,2,4.0,4.0,9,Informal,UserMention_Request_Response
Paraguay,365,6,6.0,6.0,27,Informal,UserMention_Request_Response
Paraguay,366,6,1.3333333333333333,1.0,6,Formal,Legislation_Policy
Paraguay,367,10,1.4,1.0,13,Formal,Cultural_Event_Festival
Paraguay,368,8,3.75,2.5,26,Informal,UserMention_Request_Response
Paraguay,369,14,1.5714285714285714,1.0,15,Formal,Procurement_Licitation
Paraguay,370,14,1.4285714285714286,1.0,16,Formal,Opinion_Commentary
Paraguay,372,2,3.0,3.0,10,Informal,Shopping_PersonalPurchase
Paraguay,374,6,3.0,3.0,13,Formal,PublicAdministration_Changes
Paraguay,375,10,1.8,1.0,11,Formal,Legal_Judicial
Paraguay,376,16,1.625,1.5,17,Formal,Government_Announcement
Paraguay,377,8,1.25,1.0,8,Formal,PublicHealth_Services
Paraguay,378,22,1.9090909090909092,1.0,28,Formal,Cultural_Event_Festival
Paraguay,379,18,2.0,2.0,25,Formal,PublicAdministration_Changes
Paraguay,380,6,1.6666666666666667,2.0,10,Informal,Corruption_Donations_Procurement
Paraguay,382,6,1.0,1.0,10,Informal,Personal_Emotional
Paraguay,383,6,1.3333333333333333,1.0,6,Informal,UserMention_Request_Response
Paraguay,384,8,2.75,2.0,19,Informal,Cultural_Event_Festival
Paraguay,385,20,1.7,1.0,21,Formal,Education_Policy_University
Paraguay,386,4,3.0,3.0,11,Formal,Indigenous_CommunityAid
Paraguay,387,4,1.0,1.0,10,Informal,Personal_Emotional
Paraguay,389,6,2.6666666666666665,3.0,11,Informal,UserMention_Request_Response
Paraguay,390,2,1.0,1.0,15,Informal,UserMention_Request_Response
Paraguay,394,8,1.5,1.5,11,Formal,Legal_Judicial
Paraguay,395,4,1.5,1.5,6,Formal,PublicAdministration_Changes
Paraguay,397,8,5.0,3.0,24,Informal,UserMention_Request_Response
Paraguay,398,6,2.0,2.0,7,Formal,Infrastructure_Contract
Paraguay,399,8,1.25,1.0,8,Formal,PublicAdministration_Changes
Paraguay,400,28,2.2142857142857144,1.5,44,Informal,PublicHealth_Services
Paraguay,401,24,1.25,1.0,24,Formal,Commercial_Product
Paraguay,402,22,1.8181818181818181,1.0,30,Formal,Legislation_Policy
Paraguay,404,24,2.3333333333333335,2.0,34,Formal,Agriculture_Reactivation
Paraguay,405,8,2.25,2.5,12,Formal,Transport_PublicSafety
Paraguay,409,12,1.8333333333333333,1.0,17,Formal,Education_Policy_University
Paraguay,412,8,2.5,2.0,14,Formal,Cultural_Event_Festival
Paraguay,414,20,1.9,2.0,26,Formal,Protest_Report
Paraguay,417,6,3.6666666666666665,3.0,16,Informal,Cultural_Heritage_Archive
Paraguay,418,8,1.5,1.0,11,Informal,UserMention_Request_Response
Paraguay,419,34,1.6470588235294117,1.0,45,Formal,Corruption_Donations_Procurement
Paraguay,420,2,2.0,2.0,8,Formal,Health_COVID
Paraguay,421,2,3.0,3.0,5,Formal,Indigenous_CommunityAid
Paraguay,422,10,2.8,3.0,16,Informal,Humor_Rant
Paraguay,424,16,1.5,1.0,16,Informal,UserMention_Request_Response
Paraguay,425,10,2.0,2.0,22,Informal,Humor_Rant
Paraguay,426,6,2.3333333333333335,2.0,13,Informal,UserMention_Request_Response
Paraguay,427,10,2.0,1.0,20,Informal,Humor_Rant
Paraguay,428,20,1.9,1.0,22,Formal,PublicHealth_Services
Paraguay,429,22,1.6363636363636365,1.0,20,Informal,Opinion_Commentary
Paraguay,430,14,2.2857142857142856,2.0,26,Informal,Shopping_PersonalPurchase
Paraguay,433,6,1.3333333333333333,1.0,7,Informal,Opinion_Commentary
Paraguay,434,14,2.5714285714285716,3.0,21,Formal,Government_Announcement
Paraguay,435,6,2.3333333333333335,1.0,9,Informal,Personal_Emotional
Paraguay,436,8,2.0,1.5,9,Informal,Personal_Emotional
Paraguay,437,26,1.3076923076923077,1.0,21,Formal,PublicAdministration_Changes
Paraguay,438,18,2.2222222222222223,2.0,25,Formal,PublicAdministration_Changes
Paraguay,439,6,1.0,1.0,14,Informal,Corruption_Donations_Procurement
Paraguay,440,26,2.3076923076923075,2.0,41,Formal,Infrastructure_Contract
Paraguay,441,6,4.0,3.0,19,Informal,Humor_Rant
Paraguay,442,16,2.0,1.5,27,Informal,Sports_Event
Paraguay,443,22,2.090909090909091,2.0,27,Formal,PublicAdministration_Changes
Paraguay,444,14,1.5714285714285714,1.0,16,Formal,Other
Paraguay,445,2,3.0,3.0,4,Informal,Opinion_Commentary
Paraguay,446,6,2.0,2.0,13,Informal,Humor_Rant
Paraguay,447,12,1.8333333333333333,1.5,14,Informal,Humor_Rant
Paraguay,450,14,1.5714285714285714,1.0,14,Formal,Government_Announcement
Paraguay,452,4,1.5,1.5,6,Formal,Crime_Investigation
Paraguay,453,2,4.0,4.0,11,Formal,Cultural_Event_Festival
Paraguay,454,6,1.6666666666666667,2.0,7,Formal,Legal_Judicial
Paraguay,455,22,2.090909090909091,2.0,28,Formal,PublicAdministration_Changes
Paraguay,457,16,1.625,1.5,22,Formal,Environment_NationalParks
Paraguay,458,26,2.1538461538461537,2.0,37,Formal,PublicAdministration_Changes
Paraguay,459,8,3.25,3.0,18,Formal,Cultural_Event_Festival
Paraguay,460,6,1.3333333333333333,1.0,9,Formal,Indigenous_CommunityAid
Paraguay,461,14,1.2857142857142858,1.0,19,Formal,Crime_Investigation
Paraguay,462,8,3.5,3.0,21,Informal,Personal_Emotional
Paraguay,463,16,3.25,1.5,32,Formal,Environment_NationalParks
Paraguay,464,8,4.25,3.0,23,Informal,Personal_Emotional
Paraguay,465,6,4.666666666666667,5.0,21,Formal,Cultural_Event_Festival
Paraguay,466,10,3.4,2.0,21,Formal,Rural_Community_Issues
Paraguay,467,6,1.6666666666666667,2.0,10,Informal,Humor_Rant
Paraguay,469,4,2.0,2.0,11,Informal,Humor_Rant
Paraguay,471,8,3.5,2.5,18,Informal,UserMention_Request_Response
Paraguay,472,8,1.5,1.5,9,Formal,Mobilization_Call
Paraguay,473,24,1.5833333333333333,1.0,25,Formal,Protest_Report
Paraguay,474,12,2.1666666666666665,2.0,17,Formal,PublicAdministration_Changes
Paraguay,475,4,3.0,3.0,14,Informal,UserMention_Request_Response
Paraguay,476,6,2.6666666666666665,2.0,13,Informal,Personal_Emotional
Paraguay,477,22,1.3636363636363635,1.0,23,Informal,Personal_Emotional
Paraguay,478,12,3.0,3.0,22,Formal,Government_Announcement
Paraguay,479,2,2.0,2.0,4,Formal,Environment_NationalParks
Paraguay,480,10,2.8,2.0,21,Formal,Cultural_Event_Festival
Paraguay,481,22,2.0,2.0,30,Formal,Opinion_Commentary
Paraguay,482,10,5.6,4.0,38,Formal,Government_Announcement
Paraguay,484,4,2.0,2.0,10,Formal,Government_Announcement
Paraguay,485,6,2.0,2.0,9,Informal,UserMention_Request_Response
Paraguay,486,12,1.5,1.5,18,Formal,Legislation_Policy
Paraguay,487,4,2.0,2.0,11,Informal,Sports_Event
Paraguay,488,6,1.0,1.0,8,Formal,Infrastructure_Contract
Paraguay,489,18,1.1111111111111112,1.0,19,Informal,Cultural_Event_Festival
Paraguay,490,6,2.3333333333333335,1.0,13,Formal,Media_Broadcast_Notice
Paraguay,491,4,2.5,2.5,9,Formal,Health_COVID
Paraguay,492,30,3.6,4.0,56,Formal,Transport_PublicSafety
Paraguay,493,6,1.6666666666666667,1.0,7,Informal,Personal_Emotional
Paraguay,495,8,2.25,2.5,15,Informal,Sports_Event
Paraguay,496,10,3.6,4.0,23,Formal,Education_Policy_University
Paraguay,497,12,2.0,1.5,15,Formal,Cultural_Event_Festival
Paraguay,498,8,2.75,2.5,17,Formal,Transport_PublicSafety
Paraguay,499,22,2.909090909090909,2.0,39,Formal,Government_Announcement
Paraguay,501,24,1.4166666666666667,1.0,26,Formal,Government_Announcement
Paraguay,502,22,2.1818181818181817,2.0,32,Formal,Opinion_Commentary
Paraguay,503,20,2.3,1.5,32,Formal,Indigenous_CommunityAid
Paraguay,504,18,1.6666666666666667,1.0,23,Formal,Procurement_Licitation
Paraguay,505,32,2.4375,2.0,44,Formal,Protest_Report
Paraguay,506,10,3.0,3.0,21,Formal,PublicHealth_Services
Paraguay,509,30,1.7333333333333334,1.0,39,Formal,PublicHealth_Services
Paraguay,510,4,3.5,3.5,11,Informal,UserMention_Request_Response
Paraguay,511,12,1.6666666666666667,1.0,16,Informal,Humor_Rant
Paraguay,512,20,2.8,1.5,40,Informal,Personal_Emotional
Paraguay,513,18,1.3333333333333333,1.0,21,Formal,PublicAdministration_Changes
Paraguay,514,18,1.3333333333333333,1.0,14,Formal,Legislation_Policy
Paraguay,515,22,1.3636363636363635,1.0,24,Formal,Commercial_Product
Paraguay,516,16,3.0,3.5,30,Formal,PublicAdministration_Changes
Paraguay,517,6,2.6666666666666665,3.0,15,Informal,Entertainment_Music_Film
Paraguay,518,10,1.2,1.0,8,Formal,Legislation_Policy
Paraguay,520,6,2.0,2.0,10,Formal,Protest_Report
Paraguay,521,2,4.0,4.0,10,Informal,Humor_Rant
Paraguay,522,18,2.111111111111111,2.0,27,Formal,Government_Announcement
Paraguay,523,6,1.6666666666666667,2.0,7,Formal,Commercial_Product
Paraguay,524,6,1.6666666666666667,1.0,6,Formal,PublicHealth_Services
Paraguay,525,8,1.25,1.0,12,Formal,Corruption_Donations_Procurement
Paraguay,526,2,5.0,5.0,12,Informal,Personal_Emotional
Paraguay,527,14,1.5714285714285714,1.0,17,Informal,Humor_Rant
Paraguay,529,28,2.5714285714285716,1.5,46,Formal,PublicAdministration_Changes
Paraguay,531,16,2.0,1.5,20,Formal,Education_Policy_University
Paraguay,532,8,3.75,1.5,19,Informal,UserMention_Request_Response
Paraguay,535,6,2.6666666666666665,2.0,12,Formal,PublicAdministration_Changes
Paraguay,536,24,2.1666666666666665,2.0,34,Formal,Legislation_Policy
Paraguay,537,8,2.25,2.0,12,Formal,Crime_Investigation
Paraguay,538,6,1.0,1.0,10,Informal,Personal_Emotional
Paraguay,539,4,1.5,1.5,6,Formal,Crime_Investigation
Paraguay,540,10,2.6,2.0,20,Formal,Indigenous_CommunityAid
Paraguay,541,18,1.5555555555555556,1.0,24,Formal,Government_Announcement
Paraguay,542,32,1.6875,1.0,38,Formal,Government_Announcement
Paraguay,543,2,1.0,1.0,5,Informal,Humor_Rant
Paraguay,544,18,1.6666666666666667,1.0,20,Informal,UserMention_Request_Response
Paraguay,545,6,1.0,1.0,5,Informal,UserMention_Request_Response
Paraguay,546,8,2.25,2.5,16,Informal,Personal_Emotional
Paraguay,547,8,2.75,3.0,13,Formal,Cultural_Event_Festival
Paraguay,549,20,2.3,2.0,32,Formal,Cultural_Heritage_Archive
Paraguay,550,16,1.75,1.0,18,Formal,Government_Announcement
Paraguay,552,18,3.111111111111111,3.0,38,Formal,Cultural_Event_Festival
Paraguay,553,16,1.125,1.0,14,Formal,PublicAdministration_Changes
Paraguay,554,12,2.5,2.0,22,Formal,Legislation_Policy
Paraguay,555,12,2.3333333333333335,2.5,19,Formal,Government_Announcement
Paraguay,556,6,2.0,2.0,10,Formal,Environment_NationalParks
Paraguay,557,4,6.0,6.0,17,Informal,Entertainment_Music_Film
Paraguay,558,6,5.666666666666667,8.0,23,Formal,Announcement
Paraguay,561,22,1.8181818181818181,1.0,27,Formal,Protest_Report
Paraguay,562,12,1.1666666666666667,1.0,14,Informal,Entertainment_Music_Film
Paraguay,563,6,1.3333333333333333,1.0,5,Informal,Procurement_Licitation
Paraguay,564,8,3.0,1.5,19,Informal,Humor_Rant
Paraguay,565,6,3.3333333333333335,4.0,15,Informal,UserMention_Request_Response
Paraguay,567,10,1.0,1.0,14,Formal,Media_Broadcast_Notice
Paraguay,568,8,1.0,1.0,8,Formal,Crime_Investigation
Paraguay,569,8,4.0,3.5,30,Informal,Humor_Rant
Paraguay,572,10,2.0,2.0,14,Formal,Government_Announcement
Paraguay,573,16,2.375,2.5,27,Formal,Crime_Investigation
Paraguay,574,8,1.25,1.0,8,Formal,PublicAdministration_Changes
Paraguay,576,12,1.3333333333333333,1.0,14,Formal,Government_Announcement
Paraguay,578,10,2.4,1.0,14,Informal,Humor_Rant
Paraguay,579,2,6.0,6.0,15,Informal,Personal_Emotional
Paraguay,580,14,1.8571428571428572,2.0,20,Formal,Transport_PublicSafety
Paraguay,582,10,1.4,1.0,14,Informal,Indigenous_CommunityAid
Paraguay,583,4,3.0,3.0,11,Informal,Humor_Rant
Paraguay,584,6,4.0,2.0,14,Formal,Protest_Report
Paraguay,585,4,1.5,1.5,14,Informal,Sports_Event
Paraguay,586,18,2.111111111111111,1.0,23,Formal,PublicAdministration_Changes
Paraguay,587,8,4.25,1.5,23,Informal,Education_Policy_University
Paraguay,588,12,2.0,1.5,22,Formal,Cultural_Heritage_Archive
Paraguay,589,4,4.0,4.0,14,Informal,Humor_Rant
Paraguay,590,2,5.0,5.0,11,Informal,Humor_Rant
Paraguay,591,4,2.5,2.5,14,Informal,Opinion_Commentary
Paraguay,592,4,1.5,1.5,4,Formal,Government_Announcement
Paraguay,593,10,2.0,1.0,15,Informal,UserMention_Request_Response
Paraguay,594,16,2.0,2.0,24,Formal,Legal_Judicial
Paraguay,595,2,3.0,3.0,9,Informal,UserMention_Request_Response
Paraguay,597,8,3.5,2.5,19,Informal,Opinion_Commentary
Paraguay,599,4,3.5,3.5,10,Formal,Legal_Judicial
Paraguay,600,4,6.5,6.5,20,Formal,Media_Broadcast_Notice
Paraguay,601,6,5.0,4.0,19,Informal,Humor_Rant
Paraguay,602,14,1.1428571428571428,1.0,14,Informal,Cultural_Heritage_Archive
Paraguay,603,6,3.0,3.0,15,Informal,Personal_Emotional
Paraguay,604,6,3.6666666666666665,4.0,19,Informal,Opinion_Commentary
Paraguay,607,16,1.875,2.0,24,Formal,Crime_Investigation
Paraguay,608,2,3.0,3.0,7,Informal,UserMention_Request_Response
Paraguay,609,2,3.0,3.0,5,Informal,Humor_Rant
Paraguay,610,20,2.7,1.5,39,Formal,Corruption_Donations_Procurement
Paraguay,612,4,2.5,2.5,14,Informal,UserMention_Request_Response
Paraguay,613,4,3.5,3.5,11,Formal,Cultural_Event_Festival
Paraguay,614,4,3.5,3.5,12,Informal,Humor_Rant
Paraguay,616,8,1.25,1.0,6,Formal,Legislation_Policy
Paraguay,618,8,3.5,3.0,22,Formal,Cultural_Event_Festival
Paraguay,619,10,3.8,3.0,24,Formal,PublicHealth_Services
Paraguay,620,10,3.0,1.0,20,Formal,Protest_Report
Paraguay,621,10,1.8,1.0,13,Informal,Personal_Emotional
Paraguay,622,6,2.3333333333333335,2.0,11,Informal,Humor_Rant
Paraguay,623,16,2.0,1.5,20,Formal,Protest_Report
Paraguay,624,6,1.6666666666666667,2.0,7,Formal,Legislation_Policy
Paraguay,625,20,2.7,1.0,31,Formal,Indigenous_CommunityAid
Paraguay,626,2,4.0,4.0,11,Informal,UserMention_Request_Response
Paraguay,627,14,3.142857142857143,1.0,26,Formal,PublicAdministration_Changes
Paraguay,629,32,1.5,1.0,32,Formal,Government_Announcement
Paraguay,630,4,2.0,2.0,5,Formal,Health_COVID
Paraguay,631,8,1.25,1.0,6,Formal,Crime_Investigation
Paraguay,632,6,1.6666666666666667,1.0,8,Informal,UserMention_Request_Response
Paraguay,635,4,1.5,1.5,5,Informal,Commercial_Product
Paraguay,636,24,1.75,1.5,30,Formal,Government_Announcement
Paraguay,637,12,2.1666666666666665,2.0,24,Formal,Government_Announcement
Paraguay,638,16,2.875,1.0,30,Informal,Personal_Emotional
Paraguay,639,2,4.0,4.0,8,Informal,Personal_Emotional
Paraguay,640,14,1.5714285714285714,1.0,16,Formal,Transport_PublicSafety
Paraguay,641,6,2.6666666666666665,3.0,10,Formal,Legal_Judicial
Paraguay,642,12,1.5,1.0,13,Formal,Politics
Paraguay,643,6,2.0,2.0,8,Informal,UserMention_Request_Response
Paraguay,644,6,2.3333333333333335,3.0,10,Informal,Personal_Emotional
Paraguay,646,10,1.6,2.0,10,Informal,UserMention_Request_Response
Paraguay,647,4,1.5,1.5,6,Formal,Government_Announcement
Paraguay,648,16,1.875,1.5,21,Informal,Health_COVID
Paraguay,649,4,1.5,1.5,5,Informal,Opinion_Commentary
Paraguay,650,4,1.0,1.0,6,Informal,Cultural_Event_Festival
Paraguay,651,8,1.5,1.5,10,Formal,Education_Policy_University
Paraguay,653,28,1.9285714285714286,1.5,35,Formal,Corruption_Donations_Procurement
Paraguay,654,34,2.0,2.0,44,Formal,Procurement_Licitation
Paraguay,655,18,1.8888888888888888,2.0,23,Formal,Legal_Judicial
Paraguay,656,16,1.75,1.0,25,Formal,Other
Paraguay,657,12,2.1666666666666665,2.0,16,Formal,Rural_Community_Issues
Paraguay,658,6,3.0,3.0,10,Informal,UserMention_Request_Response
Paraguay,659,6,4.333333333333333,4.0,17,Informal,Humor_Rant
Paraguay,660,8,3.5,2.5,20,Informal,Opinion_Commentary
Paraguay,661,20,1.6,1.0,22,Informal,UserMention_Request_Response
Paraguay,662,8,2.5,2.0,16,Formal,Government_Announcement
Paraguay,663,10,1.6,2.0,12,Formal,Legal_Judicial
Paraguay,664,18,2.3333333333333335,2.0,22,Informal,Opinion_Commentary
Paraguay,667,24,1.8333333333333333,1.5,26,Formal,Indigenous_CommunityAid
Paraguay,668,6,2.6666666666666665,1.0,11,Informal,Humor_Rant
Paraguay,669,8,2.5,1.5,15,Formal,Corruption_Donations_Procurement
Paraguay,671,10,2.0,1.0,17,Informal,UserMention_Request_Response
Paraguay,672,20,1.3,1.0,17,Formal,Government_Announcement
Paraguay,673,16,2.0,1.0,23,Formal,Legislation_Policy
Paraguay,674,12,2.1666666666666665,2.0,17,Formal,PublicAdministration_Changes
Paraguay,675,4,1.0,1.0,9,Informal,Humor_Rant
Paraguay,677,22,2.090909090909091,1.0,31,Formal,Transport_PublicSafety
Paraguay,678,10,2.4,2.0,15,Informal,Opinion_Commentary
Paraguay,679,10,1.2,1.0,16,Formal,Government_Announcement
Paraguay,680,4,3.0,3.0,10,Formal,Indigenous_CommunityAid
Paraguay,681,18,2.3333333333333335,2.0,26,Formal,Procurement_Licitation
Paraguay,682,22,1.9090909090909092,2.0,35,Formal,Indigenous_CommunityAid
Paraguay,683,4,2.0,2.0,11,Informal,Personal_Emotional
Paraguay,684,24,1.4166666666666667,1.0,25,Formal,Legislation_Policy
Paraguay,685,10,1.4,1.0,9,Formal,Opinion_Commentary
Paraguay,686,18,3.2222222222222223,3.0,39,Formal,Indigenous_CommunityAid
Paraguay,687,48,1.5416666666666667,1.0,48,Formal,Legislation_Policy
Paraguay,689,8,3.25,3.0,17,Informal,Media_Broadcast_Notice
Paraguay,690,24,2.3333333333333335,2.0,36,Formal,Government_Announcement
Paraguay,694,6,1.6666666666666667,2.0,10,Informal,Cultural_Heritage_Archive
Paraguay,695,36,1.6111111111111112,1.0,39,Formal,Government_Announcement
Paraguay,696,6,2.0,2.0,18,Informal,Personal_Emotional
Paraguay,697,6,3.6666666666666665,2.0,13,Informal,Personal_Emotional
Paraguay,699,8,2.75,1.5,14,Informal,Humor_Rant
Paraguay,700,6,3.6666666666666665,5.0,13,Informal,Opinion_Commentary
Paraguay,701,14,1.1428571428571428,1.0,10,Formal,Infrastructure_Contract
Paraguay,702,30,1.8,1.0,36,Formal,Agriculture_Reactivation
Paraguay,703,10,1.2,1.0,11,Formal,Media_Broadcast_Notice
Paraguay,704,8,1.5,1.5,11,Formal,PublicAdministration_Changes
Paraguay,705,6,1.3333333333333333,1.0,6,Formal,Environment_NationalParks
Paraguay,706,40,1.8,1.0,48,Formal,Legal_Judicial
Paraguay,707,2,3.0,3.0,5,Informal,UserMention_Request_Response
Paraguay,708,28,1.3571428571428572,1.0,32,Informal,Opinion_Commentary
Paraguay,709,8,1.75,1.5,12,Informal,Personal_Emotional
Paraguay,710,8,2.5,3.0,20,Informal,Personal_Emotional
Paraguay,711,12,1.6666666666666667,1.5,14,Informal,Opinion_Commentary
Paraguay,712,24,1.75,1.5,31,Formal,Corruption_Donations_Procurement
Paraguay,713,6,2.3333333333333335,1.0,11,Formal,Legislation_Policy
Paraguay,714,16,1.5,1.0,18,Formal,Indigenous_CommunityAid
Paraguay,715,6,3.0,3.0,13,Informal,Humor_Rant
Paraguay,716,6,1.3333333333333333,1.0,9,Formal,Cultural_Heritage_Archive
Paraguay,717,20,1.4,1.0,18,Formal,Crime_Investigation
Paraguay,720,12,1.5,1.5,15,Informal,Humor_Rant
Paraguay,721,8,1.25,1.0,6,Formal,Other
Paraguay,722,6,1.6666666666666667,2.0,8,Formal,Government_Announcement
Paraguay,724,4,1.0,1.0,6,Formal,Cultural_Event_Festival
Paraguay,725,2,2.0,2.0,7,Informal,Entertainment_Music_Film
Paraguay,726,8,2.5,2.5,13,Informal,Opinion_Commentary
Paraguay,728,6,2.0,1.0,9,Informal,Humor_Rant
Paraguay,730,6,3.0,2.0,12,Informal,UserMention_Request_Response
Paraguay,731,10,2.0,1.0,13,Informal,UserMention_Request_Response
Paraguay,732,2,4.0,4.0,7,Formal,Government_Announcement
Paraguay,733,8,1.0,1.0,9,Informal,Opinion_Commentary
Paraguay,734,8,4.5,3.5,21,Informal,UserMention_Request_Response
Paraguay,735,20,2.4,1.5,30,Formal,PublicHealth_Services
Paraguay,738,28,2.0,1.0,43,Formal,Corruption_Donations_Procurement
Paraguay,739,10,4.2,5.0,27,Formal,PublicAdministration_Changes
Paraguay,740,4,3.0,3.0,8,Formal,Legal_Judicial
Paraguay,741,4,2.0,2.0,27,Informal,Humor_Rant
Paraguay,743,10,1.4,1.0,10,Informal,Personal_Emotional
Paraguay,745,18,1.1111111111111112,1.0,19,Formal,Opinion_Commentary
Paraguay,746,8,5.25,5.0,22,Informal,Personal_Emotional
Paraguay,747,12,1.6666666666666667,1.5,14,Informal,Sports_Event
Paraguay,748,18,2.5555555555555554,2.0,38,Formal,PublicAdministration_Changes
Paraguay,749,10,2.4,1.0,15,Informal,UserMention_Request_Response
Paraguay,750,10,4.8,4.0,32,Formal,Cultural_Event_Festival
Paraguay,751,4,4.5,4.5,19,Formal,Opinion_Commentary
Paraguay,752,20,2.1,2.0,28,Formal,Government_Announcement
Paraguay,753,20,3.1,2.0,38,Formal,PublicHealth_Services
Paraguay,755,8,1.75,1.0,10,Informal,UserMention_Request_Response
Paraguay,756,8,2.0,1.5,11,Formal,Mobilization_Call
Paraguay,757,8,3.25,2.5,20,Formal,Cultural_Heritage_Archive
Paraguay,758,24,2.5,2.5,37,Formal,Protest_Report
Paraguay,759,12,2.5,2.5,19,Informal,UserMention_Request_Response
Paraguay,760,24,1.3333333333333333,1.0,26,Formal,Government_Announcement
Paraguay,761,14,3.857142857142857,3.0,38,Formal,Education_Policy_University
Paraguay,764,26,1.5384615384615385,1.0,23,Formal,Legislation_Policy
Paraguay,765,8,1.25,1.0,10,Informal,Humor_Rant
Paraguay,766,6,3.3333333333333335,1.0,15,Informal,Shopping_PersonalPurchase
Paraguay,767,16,1.75,1.5,21,Informal,Humor_Rant
Paraguay,768,4,1.0,1.0,14,Informal,UserMention_Request_Response
Paraguay,771,12,2.0,2.0,16,Formal,Cultural_Event_Festival
Paraguay,772,4,2.0,2.0,8,Informal,UserMention_Request_Response
Paraguay,773,8,2.5,1.0,15,Informal,Shopping_PersonalPurchase
Paraguay,774,4,2.5,2.5,7,Informal,Personal_Emotional
Paraguay,775,6,3.0,1.0,11,Informal,Humor_Rant
Paraguay,777,36,2.111111111111111,2.0,43,Formal,Cultural_Heritage_Archive
Paraguay,778,16,2.375,2.0,28,Formal,PublicAdministration_Changes
Paraguay,779,12,2.0,1.5,17,Formal,Legislation_Policy
Paraguay,780,28,2.5,2.0,48,Formal,PublicAdministration_Changes
Paraguay,781,10,1.4,1.0,10,Informal,Humor_Rant
Paraguay,783,4,4.0,4.0,20,Informal,Opinion_Commentary
Paraguay,785,4,4.0,4.0,12,Formal,Health_COVID
Paraguay,786,20,1.8,1.5,21,Formal,Crime_Investigation
Paraguay,787,18,2.5555555555555554,2.0,36,Formal,PublicAdministration_Changes
Paraguay,788,4,1.0,1.0,13,Formal,Opinion_Commentary
Paraguay,789,20,3.5,1.5,46,Formal,Protest_Report
Paraguay,791,10,1.8,2.0,22,Informal,Personal_Emotional
Paraguay,794,10,3.2,1.0,20,Informal,UserMention_Request_Response
Paraguay,795,10,1.8,2.0,14,Formal,PublicAdministration_Changes
Paraguay,796,4,5.5,5.5,17,Informal,Personal_Emotional
Paraguay,797,14,2.5714285714285716,2.0,38,Informal,UserMention_Request_Response
Paraguay,799,6,5.0,3.0,19,Informal,Crime_Investigation
Paraguay,800,6,2.0,1.0,12,Formal,Government_Announcement
Paraguay,801,6,2.0,2.0,8,Formal,Education_Policy_University
Paraguay,803,12,2.1666666666666665,2.0,23,Informal,Humor_Rant
Paraguay,804,14,1.4285714285714286,1.0,14,Formal,Procurement_Licitation
Paraguay,806,6,4.0,3.0,15,Informal,Personal_Emotional
Paraguay,807,12,1.5,1.0,14,Formal,Government_Announcement
Paraguay,808,10,1.4,1.0,10,Formal,Cultural_Heritage_Archive
Paraguay,809,8,1.75,1.0,12,Informal,UserMention_Request_Response
Paraguay,810,12,2.1666666666666665,2.0,21,Informal,Humor_Rant
Paraguay,812,6,3.0,3.0,13,Informal,Personal_Emotional
Paraguay,813,4,2.5,2.5,9,Formal,Entertainment_Music_Film
Paraguay,814,8,2.25,1.0,13,Formal,Cultural_Heritage_Archive
Paraguay,815,4,2.5,2.5,8,Informal,Humor_Rant
Paraguay,816,34,1.7647058823529411,1.0,35,Formal,Transport_PublicSafety
Paraguay,818,14,2.4285714285714284,2.0,29,Formal,Government_Announcement
Paraguay,819,30,2.1333333333333333,2.0,43,Formal,Cultural_Event_Festival
Paraguay,821,12,2.0,1.5,16,Informal,Humor_Rant
Paraguay,822,6,1.6666666666666667,1.0,11,Informal,Personal_Emotional
Paraguay,823,18,2.0,1.0,29,Formal,Transport_PublicSafety
Paraguay,824,2,7.0,7.0,8,Formal,Environment_NationalParks
Paraguay,825,12,1.8333333333333333,1.5,14,Formal,Government_Announcement
Paraguay,828,6,1.3333333333333333,1.0,11,Informal,Sports_Event
Paraguay,829,14,1.5714285714285714,1.0,13,Formal,Legal_Judicial
Paraguay,830,8,1.75,1.0,10,Informal,Education_Policy_University
Paraguay,831,10,2.2,2.0,13,Formal,PublicHealth_Services
Paraguay,833,12,1.1666666666666667,1.0,9,Formal,Legal_Judicial
Paraguay,834,14,1.5714285714285714,1.0,15,Formal,PublicAdministration_Changes
Paraguay,836,4,1.5,1.5,4,Informal,UserMention_Request_Response
Paraguay,837,4,1.0,1.0,6,Informal,Personal_Emotional
Paraguay,838,12,5.0,5.0,41,Formal,Cultural_Event_Festival
Paraguay,839,10,3.2,2.0,23,Formal,Cultural_Event_Festival
Paraguay,840,10,2.4,3.0,23,Informal,Personal_Emotional
Paraguay,841,8,2.0,2.0,12,Formal,Infrastructure_Contract
Paraguay,843,10,1.4,1.0,10,Informal,UserMention_Request_Response
Paraguay,844,6,1.3333333333333333,1.0,6,Informal,UserMention_Request_Response
Paraguay,845,24,1.8333333333333333,1.0,30,Formal,Government_Announcement
Paraguay,846,12,1.1666666666666667,1.0,14,Formal,Legislation_Policy
Paraguay,847,4,3.5,3.5,10,Formal,Education_Policy_University
Paraguay,848,12,1.5,1.5,15,Formal,Corruption_Donations_Procurement
Paraguay,849,4,1.5,1.5,5,Informal,Transport_PublicSafety
Paraguay,851,2,4.0,4.0,9,Formal,Cultural_Heritage_Archive
Paraguay,854,8,2.5,2.5,13,Formal,Legal_Judicial
Paraguay,855,2,1.0,1.0,6,Formal,Commercial_Product
Paraguay,856,4,2.5,2.5,10,Formal,Legal_Judicial
Paraguay,857,2,3.0,3.0,10,Informal,Protest_Report
Paraguay,858,26,1.5384615384615385,1.0,30,Formal,Transport_PublicSafety
Paraguay,859,4,2.0,2.0,13,Informal,Opinion_Commentary
Paraguay,860,14,1.7142857142857142,1.0,15,Formal,Cultural_Heritage_Archive
Paraguay,862,12,1.6666666666666667,1.5,15,Formal,Cultural_Event_Festival
Paraguay,863,12,2.1666666666666665,1.5,17,Formal,Commercial_Product
Paraguay,864,8,1.75,1.5,9,Informal,UserMention_Request_Response
Paraguay,865,24,2.0833333333333335,1.0,38,Formal,Government_Announcement
Paraguay,866,2,1.0,1.0,6,Informal,Personal_Emotional
Paraguay,867,2,3.0,3.0,11,Formal,Cultural_Event_Festival
Paraguay,868,12,2.0,1.5,20,Formal,Cultural_Event_Festival
Paraguay,869,6,4.0,4.0,16,Informal,UserMention_Request_Response
Paraguay,871,30,1.2666666666666666,1.0,26,Formal,Legislation_Policy
Paraguay,872,26,2.0,2.0,29,Formal,Government_Announcement
Paraguay,873,8,2.0,1.5,10,Informal,Opinion_Commentary
Paraguay,875,8,2.25,2.5,13,Formal,Government_Announcement
Paraguay,876,6,5.0,4.0,19,Formal,Mobilization_Call
Paraguay,877,10,1.0,1.0,7,Formal,Government_Announcement
Paraguay,878,10,2.0,1.0,16,Informal,UserMention_Request_Response
Paraguay,879,6,2.3333333333333335,3.0,15,Informal,Entertainment_Music_Film
Paraguay,880,6,1.6666666666666667,1.0,12,Informal,Legislation_Policy
Paraguay,881,18,2.2222222222222223,2.0,25,Formal,PublicAdministration_Changes
Paraguay,882,6,3.0,3.0,16,Formal,Infrastructure_Contract
Paraguay,884,8,2.25,2.0,14,Informal,UserMention_Request_Response
Paraguay,885,8,1.0,1.0,7,Informal,Opinion_Commentary
Paraguay,887,20,2.3,1.0,34,Formal,Cultural_Event_Festival
Paraguay,888,6,1.3333333333333333,1.0,11,Formal,Cultural_Heritage_Archive
Paraguay,891,12,2.0,2.0,19,Formal,Corruption_Donations_Procurement
Paraguay,892,8,2.75,2.5,17,Formal,Infrastructure_Contract
Paraguay,893,14,2.5714285714285716,2.0,25,Formal,Cultural_Event_Festival
Paraguay,894,18,2.4444444444444446,2.0,27,Formal,Corruption_Donations_Procurement
Paraguay,895,16,2.375,2.0,22,Formal,Protest_Report
Paraguay,896,2,2.0,2.0,7,Formal,Government_Announcement
Paraguay,897,18,1.8888888888888888,1.0,24,Formal,Protest_Report
Paraguay,898,8,2.75,3.0,18,Formal,Mobilization_Call
Paraguay,899,50,1.6,1.0,49,Formal,Health_COVID
Paraguay,900,4,4.5,4.5,18,Informal,Humor_Rant
Paraguay,901,24,1.6666666666666667,1.0,26,Formal,Procurement_Licitation
Paraguay,902,10,1.6,1.0,13,Formal,PublicAdministration_Changes
Paraguay,903,12,1.8333333333333333,2.0,15,Formal,PublicAdministration_Changes
Paraguay,904,6,1.3333333333333333,1.0,5,Informal,Personal_Emotional
Paraguay,905,4,2.0,2.0,7,Informal,Personal_Emotional
Paraguay,906,30,1.8666666666666667,1.0,37,Formal,PublicAdministration_Changes
Paraguay,907,10,2.4,2.0,21,Informal,Sports_Event
Paraguay,908,4,1.0,1.0,5,Informal,Humor_Rant
Paraguay,911,2,1.0,1.0,3,Informal,Personal_Emotional
Paraguay,912,8,2.25,2.0,19,Informal,Humor_Rant
Paraguay,913,16,1.875,1.0,22,Formal,PublicAdministration_Changes
Paraguay,914,4,3.0,3.0,11,Informal,Humor_Rant
Paraguay,915,16,2.375,2.0,28,Formal,Cultural_Event_Festival
Paraguay,916,12,2.5,1.5,21,Formal,Cultural_Event_Festival
Paraguay,917,14,1.8571428571428572,2.0,22,Formal,Agriculture_Reactivation
Paraguay,918,8,1.75,2.0,14,Formal,Government_Announcement
Paraguay,919,10,1.6,1.0,20,Informal,Humor_Rant
Paraguay,922,8,2.75,1.5,15,Informal,Personal_Emotional
Paraguay,923,10,2.8,2.0,24,Informal,UserMention_Request_Response
Paraguay,924,6,1.6666666666666667,1.0,9,Informal,Entertainment_Music_Film
Paraguay,925,4,2.5,2.5,8,Informal,UserMention_Request_Response
Paraguay,926,24,1.8333333333333333,1.5,33,Formal,Legislation_Policy
Paraguay,927,6,2.3333333333333335,2.0,10,Informal,UserMention_Request_Response
Paraguay,928,14,1.7142857142857142,1.0,19,Formal,Legal_Judicial
Paraguay,930,10,3.2,3.0,19,Formal,Government_Announcement
Paraguay,931,8,1.0,1.0,9,Formal,Health_COVID
Paraguay,932,18,2.3333333333333335,2.0,27,Formal,Mobilization_Call
Paraguay,936,10,1.8,2.0,12,Formal,Indigenous_CommunityAid
Paraguay,937,10,1.0,1.0,13,Formal,Cultural_Heritage_Archive
Paraguay,938,12,1.6666666666666667,2.0,19,Formal,Sports_Event
Paraguay,939,10,1.8,2.0,12,Informal,UserMention_Request_Response
Paraguay,940,8,1.5,1.5,11,Formal,Government_Announcement
Paraguay,943,2,1.0,1.0,4,Formal,Agriculture_Reactivation
Paraguay,944,8,3.5,3.5,19,Formal,PublicAdministration_Changes
Paraguay,945,4,2.5,2.5,6,Informal,UserMention_Request_Response
Paraguay,947,2,3.0,3.0,5,Informal,Humor_Rant
Paraguay,948,14,1.8571428571428572,1.0,15,Formal,Crime_Investigation
Paraguay,949,30,1.6,1.0,36,Formal,Mobilization_Call
Paraguay,950,4,1.5,1.5,12,Informal,Humor_Rant
Paraguay,951,14,2.7142857142857144,3.0,27,Formal,Cultural_Event_Festival
Paraguay,952,10,2.0,2.0,17,Formal,Government_Announcement
Paraguay,953,8,1.5,1.5,8,Formal,PublicAdministration_Changes
Paraguay,954,8,1.75,2.0,13,Formal,Cultural_Event_Festival
Paraguay,955,8,1.25,1.0,6,Informal,Personal_Emotional
Paraguay,957,4,5.5,5.5,16,Formal,Cultural_Event_Festival
Paraguay,958,10,1.6,1.0,12,Formal,Corruption_Donations_Procurement
Paraguay,959,46,1.434782608695652,1.0,41,Formal,Legislation_Policy
Paraguay,961,24,1.4166666666666667,1.0,23,Formal,Government_Announcement
Paraguay,962,20,2.0,1.5,27,Formal,Crime_Investigation
Paraguay,964,4,3.0,3.0,8,Informal,Humor_Rant
Paraguay,965,12,1.3333333333333333,1.0,9,Informal,UserMention_Request_Response
Paraguay,966,8,3.0,2.5,22,Formal,Cultural_Event_Festival
Paraguay,967,8,3.0,3.5,16,Informal,Personal_Emotional
Paraguay,968,4,2.0,2.0,10,Formal,Media_Broadcast_Notice
Paraguay,969,6,2.0,2.0,12,Informal,UserMention_Request_Response
Paraguay,970,8,3.5,1.0,18,Formal,PublicAdministration_Changes
Paraguay,971,6,3.0,4.0,16,Informal,UserMention_Request_Response
Paraguay,972,8,1.75,2.0,9,Formal,Transport_PublicSafety
Paraguay,973,16,3.5,3.0,40,Formal,Cultural_Event_Festival
Paraguay,974,4,2.5,2.5,11,Informal,Personal_Emotional
Paraguay,975,8,2.0,2.0,16,Formal,Transport_PublicSafety
Paraguay,977,8,1.75,1.5,10,Formal,Legislation_Policy
Paraguay,978,12,1.5,1.0,18,Informal,Personal_Emotional
Paraguay,979,12,1.5,1.0,18,Informal,Humor_Rant
Paraguay,981,8,1.5,1.0,10,Formal,Government_Announcement
Paraguay,982,6,3.3333333333333335,4.0,15,Informal,Humor_Rant
Paraguay,983,4,5.0,5.0,12,Formal,Commercial_Product
Paraguay,984,6,2.3333333333333335,2.0,8,Informal,UserMention_Request_Response
Paraguay,985,18,4.111111111111111,2.0,53,Formal,Media_Broadcast_Notice
Paraguay,986,8,2.5,2.0,13,Informal,UserMention_Request_Response
Paraguay,987,8,2.5,1.5,16,Formal,Opinion_Commentary
Paraguay,988,22,1.8181818181818181,1.0,25,Formal,Corruption_Donations_Procurement
Paraguay,990,12,3.0,3.0,24,Formal,Government_Announcement
Paraguay,991,6,2.0,1.0,9,Informal,Opinion_Commentary
Paraguay,992,8,4.25,4.5,21,Informal,Crime_Investigation
Paraguay,996,28,1.5714285714285714,1.5,34,Formal,Commercial_Product
Paraguay,997,6,1.3333333333333333,1.0,9,Informal,Humor_Rant
Paraguay,998,4,2.5,2.5,8,Informal,Humor_Rant
Paraguay,999,36,1.3888888888888888,1.0,30,Formal,Corruption_Donations_Procurement
Paraguay,1000,4,3.5,3.5,8,Informal,UserMention_Request_Response
Paraguay,1001,8,2.0,1.5,18,Informal,Personal_Emotional
Paraguay,1002,6,1.0,1.0,8,Informal,Personal_Emotional
Paraguay,1003,24,1.6666666666666667,1.0,27,Formal,Corruption_Donations_Procurement
Paraguay,1004,4,2.5,2.5,6,Informal,Humor_Rant
Paraguay,1005,10,1.8,2.0,15,Informal,UserMention_Request_Response
Paraguay,1007,8,2.25,2.0,13,Informal,UserMention_Request_Response
Paraguay,1008,14,1.5714285714285714,1.0,19,Formal,Corruption_Donations_Procurement
Paraguay,1009,6,1.6666666666666667,1.0,13,Informal,Humor_Rant
Paraguay,1010,26,2.0,1.0,34,Formal,Government_Announcement
Paraguay,1012,10,1.6,1.0,12,Informal,Corruption_Donations_Procurement
Paraguay,1013,4,1.5,1.5,4,Informal,UserMention_Request_Response
Paraguay,1014,26,2.769230769230769,2.0,46,Formal,Crime_Investigation
Paraguay,1015,10,1.2,1.0,12,Formal,Legal_Judicial
Paraguay,1016,2,6.0,6.0,18,Formal,Opinion_Commentary
Paraguay,1018,2,1.0,1.0,4,Informal,Crime_Investigation
Paraguay,1020,10,2.2,2.0,14,Informal,UserMention_Request_Response
Paraguay,1021,10,1.6,1.0,11,Informal,UserMention_Request_Response
Paraguay,1022,18,1.8888888888888888,1.0,24,Formal,Infrastructure_Contract
Paraguay,1024,8,1.75,1.5,10,Formal,PublicAdministration_Changes
Paraguay,1025,6,2.3333333333333335,2.0,12,Informal,Humor_Rant
Paraguay,1026,12,3.6666666666666665,3.0,34,Formal,Government_Announcement
Paraguay,1027,4,3.0,3.0,15,Informal,UserMention_Request_Response
Paraguay,1029,4,1.5,1.5,14,Informal,Entertainment_Music_Film
Paraguay,1032,10,1.6,1.0,16,Informal,Shopping_PersonalPurchase
Paraguay,1033,8,2.5,2.5,18,Formal,Government_Announcement
Paraguay,1036,16,2.375,2.0,23,Formal,PublicHealth_Services
Paraguay,1037,8,1.25,1.0,9,Formal,Government_Announcement
Paraguay,1039,4,2.5,2.5,10,Informal,UserMention_Request_Response
Paraguay,1040,20,3.1,2.0,38,Formal,Legislation_Policy
Paraguay,1041,30,1.6666666666666667,1.0,31,Formal,Agriculture_Reactivation
Paraguay,1042,8,3.25,2.0,16,Informal,UserMention_Request_Response
Paraguay,1043,8,4.25,3.0,21,Formal,PublicHealth_Services
Paraguay,1044,10,2.2,2.0,20,Informal,Personal_Emotional
Paraguay,1045,24,1.5833333333333333,1.0,24,Formal,Legislation_Policy
Paraguay,1046,2,1.0,1.0,4,Informal,Humor_Rant
Paraguay,1047,12,4.833333333333333,2.5,33,Informal,Cultural_Event_Festival
Paraguay,1049,6,1.0,1.0,5,Formal,Cultural_Event_Festival
Paraguay,1050,4,2.0,2.0,5,Informal,UserMention_Request_Response
Paraguay,1051,4,2.5,2.5,9,Informal,Humor_Rant
Paraguay,1052,2,3.0,3.0,9,Formal,Protest_Report
Paraguay,1053,4,5.5,5.5,15,Formal,Media_Broadcast_Notice
Paraguay,1054,4,3.5,3.5,15,Informal,Personal_Emotional
Paraguay,1055,14,1.2857142857142858,1.0,12,Informal,UserMention_Request_Response
Paraguay,1056,8,2.25,2.0,15,Formal,Education_Policy_University
Paraguay,1057,2,3.0,3.0,7,Informal,Personal_Emotional
Paraguay,1058,8,3.25,3.5,25,Formal,Rural_Community_Issues
Paraguay,1061,20,1.9,1.0,24,Formal,Mobilization_Call
Paraguay,1063,6,1.6666666666666667,1.0,9,Formal,Sports_Event
Paraguay,1064,18,2.2222222222222223,2.0,29,Formal,Transport_PublicSafety
Paraguay,1065,6,4.333333333333333,2.0,15,Informal,UserMention_Request_Response
Paraguay,1067,24,2.3333333333333335,2.0,38,Formal,Cultural_Heritage_Archive
Paraguay,1069,8,3.75,3.0,19,Informal,Humor_Rant
Paraguay,1071,18,2.3333333333333335,1.0,29,Formal,PublicHealth_Services
Paraguay,1074,16,2.375,1.5,25,Formal,Education_Policy_University
Paraguay,1075,12,1.5,1.0,12,Informal,UserMention_Request_Response
Paraguay,1076,2,2.0,2.0,7,Formal,Cultural_Heritage_Archive
Paraguay,1077,16,2.0,2.0,22,Formal,PublicAdministration_Changes
Paraguay,1078,2,3.0,3.0,10,Informal,Personal_Emotional
Paraguay,1079,20,1.5,1.0,21,Formal,Cultural_Event_Festival
Paraguay,1081,2,1.0,1.0,4,Formal,Education_Policy_University
Paraguay,1082,32,1.875,2.0,37,Formal,Crime_Investigation
Paraguay,1083,18,1.1111111111111112,1.0,17,Formal,Government_Announcement
Paraguay,1084,4,3.0,3.0,13,Informal,Personal_Emotional
Paraguay,1085,26,2.3076923076923075,2.0,46,Informal,Education_Policy_University
Paraguay,1087,16,3.25,2.0,31,Formal,PublicHealth_Services
Paraguay,1089,14,1.7142857142857142,2.0,21,Informal,Opinion_Commentary
Paraguay,1090,12,2.0,1.5,13,Formal,Media_Broadcast_Notice
Paraguay,1092,22,1.4545454545454546,1.0,21,Formal,Infrastructure_Contract
Paraguay,1094,10,1.4,1.0,14,Informal,UserMention_Request_Response
Paraguay,1096,6,1.3333333333333333,1.0,7,Informal,UserMention_Request_Response
Paraguay,1100,10,1.2,1.0,10,Informal,Other
Paraguay,1102,6,3.0,4.0,17,Informal,UserMention_Request_Response
Paraguay,1104,4,3.5,3.5,16,Formal,Cultural_Heritage_Archive
Paraguay,1105,4,2.5,2.5,6,Informal,UserMention_Request_Response
Paraguay,1106,30,2.1333333333333333,1.0,41,Formal,Opinion_Commentary
Paraguay,1108,10,2.4,1.0,14,Informal,Personal_Emotional
Paraguay,1109,8,1.75,1.5,15,Formal,Legislation_Policy
Paraguay,1111,8,1.0,1.0,6,Informal,Personal_Emotional
Paraguay,1112,26,1.8461538461538463,2.0,32,Formal,Procurement_Licitation
Paraguay,1113,2,2.0,2.0,5,Informal,Humor_Rant
Paraguay,1114,6,1.6666666666666667,1.0,8,Informal,Opinion_Commentary
Paraguay,1115,18,1.4444444444444444,1.0,22,Formal,Opinion_Commentary
Paraguay,1116,6,2.6666666666666665,1.0,12,Formal,Health_COVID
Paraguay,1117,2,3.0,3.0,7,Formal,PublicHealth_Services
Paraguay,1118,20,1.2,1.0,17,Formal,Government_Announcement
Paraguay,1119,2,1.0,1.0,4,Informal,PublicAdministration_Changes
Paraguay,1120,10,1.4,1.0,10,Formal,Government_Announcement
Paraguay,1124,14,2.142857142857143,2.0,23,Formal,Transport_PublicSafety
Paraguay,1125,12,2.5,3.0,24,Formal,Cultural_Event_Festival
Paraguay,1129,6,1.6666666666666667,2.0,6,Formal,Agriculture_Reactivation
Paraguay,1130,22,1.8181818181818181,1.0,24,Formal,Legislation_Policy
Paraguay,1133,30,1.8,1.0,45,Formal,Indigenous_CommunityAid
Paraguay,1134,8,1.25,1.0,8,Formal,Protest_Report
Paraguay,1135,20,1.9,1.5,28,Formal,Crime_Investigation
Paraguay,1136,8,3.25,3.0,26,Informal,Opinion_Commentary
Paraguay,1137,10,2.4,3.0,20,Informal,Personal_Emotional
Paraguay,1138,14,2.0,1.0,18,Formal,Transport_PublicSafety
Paraguay,1140,28,1.9285714285714286,1.5,35,Formal,Politics
